{"mean_word_length": {"mean": 4.204434632523905, "stdev": 0.20306724356621045}, "mean_period_percentage": {}, "mean_exclamation_percentage": {}, "mean_question_percentage": {}, "exclamation_percentage": {"mean": 10.398706830590282, "stdev": 3.949340696177674}, "period_percentage": {"mean": 82.42990954322056, "stdev": 3.684042499379219}, "question_percentage": {"mean": 7.17138362618916, "stdev": 3.6086424647218545}}