{"mean_word_length": {"mean": 4.341304514627339, "stdev": 0.04484195836350869}, "mean_sentence_length": {"mean": 23.584041152151343, "stdev": 3.556585334614955}, "the_percentage": {"mean": 0.0359002430890786, "stdev": 0.004938212041658519}, "and_percentage": {"mean": 0.030010280100413282, "stdev": 0.002545331390724282}, "her_percentage": {"mean": 0.017518721382641097, "stdev": 0.0034786712226741096}, "his_percentage": {"mean": 0.007824633342523011, "stdev": 0.0012637239125890384}, "great_percentage": {"mean": 0.0013278805846789004, "stdev": 0.00017350404496621247}, "word_diversity": {"mean": 0.08058952156194603, "stdev": 0.038449067273886424}}