{"mean_word_length": {"mean": 4.286536560542892, "stdev": 0.16108130023981043}, "mean_sentence_length": {"mean": 122.75306936837654, "stdev": 30.077716479373517}}