{"mean_word_length": {"mean": 4.2280357781518, "stdev": 0.13632134963521886}, "mean_sentence_length": {"mean": 21.3360605528346, "stdev": 3.1158992376484433}, "the_percentage": {"mean": 0.055003766511900906, "stdev": 0.006830309249607491}, "and_percentage": {"mean": 0.04439183674376111, "stdev": 0.006304407262931616}, "upon_percentage": {"mean": 0.0016629317108330008, "stdev": 0.0008364752976417846}, "word_diversity": {"mean": 0.10552969676498958, "stdev": 0.026806928701194988}}