{"mean_word_length": {"mean": 4.286536560542892, "stdev": 0.16108130023981043}, "question_percentage": {"mean": 6.890891644035253, "stdev": 2.7407324750952147}, "mean_sentence_length": {"mean": 122.75306936837654, "stdev": 30.077716479373517}}