{"mean_word_length": {"mean": 4.204434632523905, "stdev": 0.20306724356621045}}
