{"mean_word_length": {"mean": 4.274005853016753, "stdev": 0.15817883091613183}, "mean_sentence_length": {"mean": 22.69685489955994, "stdev": 6.0292162039520205}, "the_percentage": {"mean": 0.07598463218227029, "stdev": 0.007503928664478544}}