{"mean_word_length": {"mean": 4.185067677290211, "stdev": 0.07790055494709938}, "mean_sentence_length": {"mean": 11.756432046785124, "stdev": 1.0668493301019435}, "the_percentage": {"mean": 0.04790894374722603, "stdev": 0.002857682816609013}, "and_percentage": {"mean": 0.02019752804927908, "stdev": 0.000572272217161036}, "her_percentage": {"mean": 0.008561464065227467, "stdev": 0.0005563348251586825}, "his_percentage": {"mean": 0.008170064285191108, "stdev": 0.0009682548266685124}, "great_percentage": {"mean": 0.0006527438458194241, "stdev": 0.00012523700288238814}, "to_percentage": {"mean": 0.025056925748314102, "stdev": 0.001798945212535708}, "not_percentage": {"mean": 0.00775656983876818, "stdev": 0.0020912942881531776}, "word_diversity": {"mean": 0.09813786198433262, "stdev": 0.0015362921976283918}, "mean_uncommon_word_length": {"mean": 4.188688481886899, "stdev": 0.07728730431474161}}