{"mean_word_length": {"mean": 4.214397088946941, "stdev": 0.1464212892302239}, "mean_sentence_length": {"mean": 21.3360605528346, "stdev": 3.1158992376484433}, "the_percentage": {"mean": 0.055053811537195935, "stdev": 0.006864052047719094}, "and_percentage": {"mean": 0.04442686159664119, "stdev": 0.006286585069865388}, "her_percentage": {"mean": 0.0035961752832554877, "stdev": 0.002241567352116716}, "his_percentage": {"mean": 0.008534778827159308, "stdev": 0.0030543810651982627}, "great_percentage": {"mean": 0.0010811300481937782, "stdev": 0.0003705663696877656}, "to_percentage": {"mean": 0.02463015480728845, "stdev": 0.0014684072351100607}, "not_percentage": {"mean": 0.006067166024275013, "stdev": 0.0018901648363313078}, "word_diversity": {"mean": 0.1042997273835056, "stdev": 0.026856738988877804}, "mean_uncommon_word_length": {"mean": 4.217393465166665, "stdev": 0.14621950639380699}}